#REF!				
target url	the best Photo Booth rental Dana Point	#REF!	https://sites.google.com/view/dana-point-photo-booth-rental/home	the best Photo Booth rental Dana Point
folder top	the best Photo Booth rental Dana Point	#REF!	https://drive.google.com/drive/folders/1D1N3XNpLPFYYfeX-yjWtAZhNAj5rGSWp?usp=sharing	the best Photo Booth rental Dana Point
rss feed	the best Photo Booth rental Dana Point	#REF!	https://news.google.com/rss/search?q=videobooth	the best Photo Booth rental Dana Point
folder articles	the best Photo Booth rental Dana Point Articles	#REF!	https://drive.google.com/drive/folders/1aXJfxKrVVAiJ5y7ml6QeuTzCUP4eDiua?usp=sharing	the best Photo Booth rental Dana Point Articles
folder photos	the best Photo Booth rental Dana Point Photos	#REF!	https://drive.google.com/drive/folders/1ah-c-bIECRNMjPAGt4UApDQGuBBRuZQu?usp=sharing	the best Photo Booth rental Dana Point Photos
folder pdfs	the best Photo Booth rental Dana Point PDFs	#REF!	https://drive.google.com/drive/folders/1PlEi0RCsf95AOhhmidbZs5sU90lqpG8M?usp=sharing	the best Photo Booth rental Dana Point PDFs
folder slides	the best Photo Booth rental Dana Point Slides	#REF!	https://drive.google.com/drive/folders/1vbNmJCIx4WdrfSVWAMoUlLl4JbTLa--w?usp=sharing	the best Photo Booth rental Dana Point Slides
photo	the best Photo Booth rental Dana Point	#REF!	https://drive.google.com/file/d/17plt4eLbW1-DeEE3rpkshxClCspjjSub/view?usp=sharing	the best Photo Booth rental Dana Point
photo	the best Photo Booth rental Dana Point	#REF!	https://drive.google.com/file/d/16efrrtqNvgWe5QYNNWKI46KeibfbaDLn/view?usp=sharing	the best Photo Booth rental Dana Point
spreadsheet	the best Photo Booth rental Dana Point	#REF!	https://docs.google.com/spreadsheets/d/1JSpT8TSjQuc9GDOpK7his0KxR6pEe2are9pCkxnSGjk/edit?usp=sharing	the best Photo Booth rental Dana Point
spreadsheet key	the best Photo Booth rental Dana Point key	#REF!	https://docs.google.com/spreadsheet/pub?key=1JSpT8TSjQuc9GDOpK7his0KxR6pEe2are9pCkxnSGjk	the best Photo Booth rental Dana Point
spreadsheet pubhtml	the best Photo Booth rental Dana Point pubhtml	#REF!	https://docs.google.com/spreadsheets/d/1JSpT8TSjQuc9GDOpK7his0KxR6pEe2are9pCkxnSGjk/pubhtml	the best Photo Booth rental Dana Point
spreadsheet pub	the best Photo Booth rental Dana Point pub	#REF!	https://docs.google.com/spreadsheets/d/1JSpT8TSjQuc9GDOpK7his0KxR6pEe2are9pCkxnSGjk/pub	the best Photo Booth rental Dana Point
spreadsheet view	the best Photo Booth rental Dana Point view	#REF!	https://docs.google.com/spreadsheets/d/1JSpT8TSjQuc9GDOpK7his0KxR6pEe2are9pCkxnSGjk/view	the best Photo Booth rental Dana Point
form	the best Photo Booth rental Dana Point	#REF!	https://docs.google.com/forms/d/1EckMP3TOb3aIaxMmGmBoGjVAVsAfKv--gV8f58RXNY8/edit?usp=sharing	the best Photo Booth rental Dana Point
drawing	the best Photo Booth rental Dana Point	#REF!	https://docs.google.com/drawings/d/1bslInwLUkzjZr3egGD7Io036hmnvTs020O5dRGbbS-I/edit?usp=sharing	the best Photo Booth rental Dana Point
image	CTA or Logo	#REF!	https://drive.google.com/file/d/1Ub_baxN1yIKa7z6PHbWKiQ5Hv3QmkYdb/view?usp=drivesdk	
image link	CTA or Logo - image link	#REF!	https://sites.google.com/view/lagunabeachphotoboothrentals/photo-booth-rental-laguna-beach	
document	the best Photo Booth rental Dana Point	#REF!	https://docs.google.com/document/d/10X2QMhBLBD34O3zb9KQ8tIvGC_1eYr38XkFt19xWELc/edit?usp=sharing	the best Photo Booth rental Dana Point
document pub	the best Photo Booth rental Dana Point pub	#REF!	https://docs.google.com/document/d/10X2QMhBLBD34O3zb9KQ8tIvGC_1eYr38XkFt19xWELc/pub	the best Photo Booth rental Dana Point
document view	the best Photo Booth rental Dana Point view	#REF!	https://docs.google.com/document/d/10X2QMhBLBD34O3zb9KQ8tIvGC_1eYr38XkFt19xWELc/view	the best Photo Booth rental Dana Point
presentation	the best Photo Booth rental Dana Point	#REF!	https://docs.google.com/presentation/d/1wfI-JhfpeGdAVfgGIbm80jWR771M5Ugin7lnEqVwltM/edit?usp=sharing	the best Photo Booth rental Dana Point
presentation pub	the best Photo Booth rental Dana Point pub	#REF!	https://docs.google.com/presentation/d/1wfI-JhfpeGdAVfgGIbm80jWR771M5Ugin7lnEqVwltM/pub?start=true&loop=true&delayms=3000	the best Photo Booth rental Dana Point
presentation view	the best Photo Booth rental Dana Point view	#REF!	https://docs.google.com/presentation/d/1wfI-JhfpeGdAVfgGIbm80jWR771M5Ugin7lnEqVwltM/view	the best Photo Booth rental Dana Point
presentation html	the best Photo Booth rental Dana Point html	#REF!	https://docs.google.com/presentation/d/1wfI-JhfpeGdAVfgGIbm80jWR771M5Ugin7lnEqVwltM/htmlpresent	the best Photo Booth rental Dana Point
calendar	Calendar - the best Photo Booth rental Dana Point	#REF!	https://calendar.google.com/calendar/embed?src=600aa6a21babccdf751d174a335fec6df9ab76a24a85655e4a069b27c84f1a34@group.calendar.google.com	the best Photo Booth rental Dana Point
Calendar - All Day Event	Calendar - the best Photo Booth rental Dana Point - Event	#REF!	https://www.google.com/calendar/event?eid=djNvZ3RzNjIwZGN2amZ1dTNuMG01Z3RlcW8gNjAwYWE2YTIxYmFiY2NkZjc1MWQxNzRhMzM1ZmVjNmRmOWFiNzZhMjRhODU2NTVlNGEwNjliMjdjODRmMWEzNEBncm91cC5jYWxlbmRhci5nb29nbGUuY29t	the best Photo Booth rental Dana Point
Calendar - All Day Event	Calendar - the best Photo Booth rental Dana Point - Event	#REF!	https://www.google.com/calendar/event?eid=dnY4Z3B2bXFsMGpjam03MWdtbTVrdTgyOTggNjAwYWE2YTIxYmFiY2NkZjc1MWQxNzRhMzM1ZmVjNmRmOWFiNzZhMjRhODU2NTVlNGEwNjliMjdjODRmMWEzNEBncm91cC5jYWxlbmRhci5nb29nbGUuY29t	the best Photo Booth rental Dana Point
Calendar - All Day Event	Calendar - the best Photo Booth rental Dana Point - Event	#REF!	https://www.google.com/calendar/event?eid=dGdkMjB0dThwcGY4dGEzbGhpZDJmc2xwZGcgNjAwYWE2YTIxYmFiY2NkZjc1MWQxNzRhMzM1ZmVjNmRmOWFiNzZhMjRhODU2NTVlNGEwNjliMjdjODRmMWEzNEBncm91cC5jYWxlbmRhci5nb29nbGUuY29t	the best Photo Booth rental Dana Point
Calendar - All Day Event	Calendar - the best Photo Booth rental Dana Point - Event	#REF!	https://www.google.com/calendar/event?eid=dWlzNGdpMHMzdmc1aWxocm1hb3FuNXBlMmcgNjAwYWE2YTIxYmFiY2NkZjc1MWQxNzRhMzM1ZmVjNmRmOWFiNzZhMjRhODU2NTVlNGEwNjliMjdjODRmMWEzNEBncm91cC5jYWxlbmRhci5nb29nbGUuY29t	the best Photo Booth rental Dana Point
Calendar - All Day Event	Calendar - the best Photo Booth rental Dana Point - Event	#REF!	https://www.google.com/calendar/event?eid=ZWwwNTg1MTVmNmdxZ2I4a3ZqbTQ2YTBhM28gNjAwYWE2YTIxYmFiY2NkZjc1MWQxNzRhMzM1ZmVjNmRmOWFiNzZhMjRhODU2NTVlNGEwNjliMjdjODRmMWEzNEBncm91cC5jYWxlbmRhci5nb29nbGUuY29t	the best Photo Booth rental Dana Point
Calendar - All Day Event	Calendar - the best Photo Booth rental Dana Point - Event	#REF!	https://www.google.com/calendar/event?eid=b2pxYjFvOWQzdHVhbzhzYnA2aTJranQ5OTQgNjAwYWE2YTIxYmFiY2NkZjc1MWQxNzRhMzM1ZmVjNmRmOWFiNzZhMjRhODU2NTVlNGEwNjliMjdjODRmMWEzNEBncm91cC5jYWxlbmRhci5nb29nbGUuY29t	the best Photo Booth rental Dana Point
Calendar - All Day Event	Calendar - the best Photo Booth rental Dana Point - Event	#REF!	https://www.google.com/calendar/event?eid=bjFiNzkxcXVqb3JwbzY1NGxoYjBpMDZwdXMgNjAwYWE2YTIxYmFiY2NkZjc1MWQxNzRhMzM1ZmVjNmRmOWFiNzZhMjRhODU2NTVlNGEwNjliMjdjODRmMWEzNEBncm91cC5jYWxlbmRhci5nb29nbGUuY29t	the best Photo Booth rental Dana Point
Calendar - All Day Event	Calendar - the best Photo Booth rental Dana Point - Event	#REF!	https://www.google.com/calendar/event?eid=N3MwdTRzMHVibzV2bDl2NHJia3QzcWZmZ2sgNjAwYWE2YTIxYmFiY2NkZjc1MWQxNzRhMzM1ZmVjNmRmOWFiNzZhMjRhODU2NTVlNGEwNjliMjdjODRmMWEzNEBncm91cC5jYWxlbmRhci5nb29nbGUuY29t	the best Photo Booth rental Dana Point
Calendar - All Day Event	Calendar - the best Photo Booth rental Dana Point - Event	#REF!	https://www.google.com/calendar/event?eid=MzNtMTI2aDZwa2dhdXZqbmVycXA1YmNtNnMgNjAwYWE2YTIxYmFiY2NkZjc1MWQxNzRhMzM1ZmVjNmRmOWFiNzZhMjRhODU2NTVlNGEwNjliMjdjODRmMWEzNEBncm91cC5jYWxlbmRhci5nb29nbGUuY29t	the best Photo Booth rental Dana Point
Calendar - All Day Event	Calendar - the best Photo Booth rental Dana Point - Event	#REF!	https://www.google.com/calendar/event?eid=cXE3bzVkOGRybG92ZWdtMzdhcm1tNTI2dWcgNjAwYWE2YTIxYmFiY2NkZjc1MWQxNzRhMzM1ZmVjNmRmOWFiNzZhMjRhODU2NTVlNGEwNjliMjdjODRmMWEzNEBncm91cC5jYWxlbmRhci5nb29nbGUuY29t	the best Photo Booth rental Dana Point
Calendar - All Day Event	Calendar - the best Photo Booth rental Dana Point - Event	#REF!	https://www.google.com/calendar/event?eid=dHAzZmZpbXAxMTlwY2ZhMDYycTdpbm9pZDAgNjAwYWE2YTIxYmFiY2NkZjc1MWQxNzRhMzM1ZmVjNmRmOWFiNzZhMjRhODU2NTVlNGEwNjliMjdjODRmMWEzNEBncm91cC5jYWxlbmRhci5nb29nbGUuY29t	the best Photo Booth rental Dana Point
Calendar - All Day Event	Calendar - the best Photo Booth rental Dana Point - Event	#REF!	https://www.google.com/calendar/event?eid=bjhvcDI0NXZkOXBlN3Q4NDU5dTU5aHNtZ2MgNjAwYWE2YTIxYmFiY2NkZjc1MWQxNzRhMzM1ZmVjNmRmOWFiNzZhMjRhODU2NTVlNGEwNjliMjdjODRmMWEzNEBncm91cC5jYWxlbmRhci5nb29nbGUuY29t	the best Photo Booth rental Dana Point
Calendar - All Day Event	Calendar - the best Photo Booth rental Dana Point - Event	#REF!	https://www.google.com/calendar/event?eid=czdxamVoMzFxNGxrZmZwOHQ1YTZnY2lycG8gNjAwYWE2YTIxYmFiY2NkZjc1MWQxNzRhMzM1ZmVjNmRmOWFiNzZhMjRhODU2NTVlNGEwNjliMjdjODRmMWEzNEBncm91cC5jYWxlbmRhci5nb29nbGUuY29t	the best Photo Booth rental Dana Point
video	the best Photo Booth rental Dana Point	#REF!	https://youtu.be/1-dEkZNtZHI	the best Photo Booth rental Dana Point
video	the best Photo Booth rental Dana Point	#REF!	https://youtu.be/FPsGz17-j10	the best Photo Booth rental Dana Point
video	the best Photo Booth rental Dana Point	#REF!	https://youtu.be/EmCLBIu0R2I	the best Photo Booth rental Dana Point
video	the best Photo Booth rental Dana Point	#REF!	https://youtu.be/10hlB0RTfVM	the best Photo Booth rental Dana Point
video	the best Photo Booth rental Dana Point	#REF!	https://youtube.com/shorts/qQoPCFKxJzE	the best Photo Booth rental Dana Point
sheet	Sheet1	#REF!	https://docs.google.com/spreadsheets/d/1JSpT8TSjQuc9GDOpK7his0KxR6pEe2are9pCkxnSGjk/edit#gid=0	the best Photo Booth rental Dana Point Sheet1
sheet	Keywords	#REF!	https://docs.google.com/spreadsheets/d/1JSpT8TSjQuc9GDOpK7his0KxR6pEe2are9pCkxnSGjk/edit#gid=665338521	the best Photo Booth rental Dana Point Keywords
sheet	Content	#REF!	https://docs.google.com/spreadsheets/d/1JSpT8TSjQuc9GDOpK7his0KxR6pEe2are9pCkxnSGjk/edit#gid=1843028533	the best Photo Booth rental Dana Point Content
sheet	Calendar Events	#REF!	https://docs.google.com/spreadsheets/d/1JSpT8TSjQuc9GDOpK7his0KxR6pEe2are9pCkxnSGjk/edit#gid=278864296	the best Photo Booth rental Dana Point Calendar Events
sheet	RSS Feeds	#REF!	https://docs.google.com/spreadsheets/d/1JSpT8TSjQuc9GDOpK7his0KxR6pEe2are9pCkxnSGjk/edit#gid=490035952	the best Photo Booth rental Dana Point RSS Feeds
folder HTML	the best Photo Booth rental Dana Point HTML		https://drive.google.com/drive/folders/1LY02CdnTZEqy2FWHSrBmHRAVeQ-jXgm5?usp=sharing	the best Photo Booth rental Dana Point HTML
HTML	the best Photo Booth rental Dana Point.html		https://drive.google.com/file/d/18m2HuLtok5fRQqdiOuzP_FbeCsUiW2l8/view?usp=sharing	the best Photo Booth rental Dana Point.html
folder Microsoft Files	the best Photo Booth rental Dana Point MSFT		https://drive.google.com/drive/folders/1CWAVJHS9fckD4b3y2L0jVTzqGFYFeVjj?usp=sharing	the best Photo Booth rental Dana Point MSFT
document	Rent Unique Photo Booths in SoCal 		https://docs.google.com/document/d/1YMGMX_eqU3ljQ09eyw49cQpiUyr04ZycDcAOX-3HKZk/edit?usp=sharing	Rent Unique Photo Booths in SoCal 
document pub	Rent Unique Photo Booths in SoCal  pub		https://docs.google.com/document/d/1YMGMX_eqU3ljQ09eyw49cQpiUyr04ZycDcAOX-3HKZk/pub	Rent Unique Photo Booths in SoCal 
document view	Rent Unique Photo Booths in SoCal  view		https://docs.google.com/document/d/1YMGMX_eqU3ljQ09eyw49cQpiUyr04ZycDcAOX-3HKZk/view	Rent Unique Photo Booths in SoCal 
document	Photo Booth Rental Best Service 		https://docs.google.com/document/d/10z94vcyMtFKLmNnYjhygiEU4SZVRFd4ZGyjG1nssGHY/edit?usp=sharing	Photo Booth Rental Best Service 
document pub	Photo Booth Rental Best Service  pub		https://docs.google.com/document/d/10z94vcyMtFKLmNnYjhygiEU4SZVRFd4ZGyjG1nssGHY/pub	Photo Booth Rental Best Service 
document view	Photo Booth Rental Best Service  view		https://docs.google.com/document/d/10z94vcyMtFKLmNnYjhygiEU4SZVRFd4ZGyjG1nssGHY/view	Photo Booth Rental Best Service 
document	Photo Booth Rental rentals in Huntington Beach		https://docs.google.com/document/d/1G-0xybOLRv4idr--p-OcT7oAfc18uVbAjNGw_fuSS7g/edit?usp=sharing	Photo Booth Rental rentals in Huntington Beach
document pub	Photo Booth Rental rentals in Huntington Beach pub		https://docs.google.com/document/d/1G-0xybOLRv4idr--p-OcT7oAfc18uVbAjNGw_fuSS7g/pub	Photo Booth Rental rentals in Huntington Beach
document view	Photo Booth Rental rentals in Huntington Beach view		https://docs.google.com/document/d/1G-0xybOLRv4idr--p-OcT7oAfc18uVbAjNGw_fuSS7g/view	Photo Booth Rental rentals in Huntington Beach
link	the best Photo Booth rental Dana Point		https://sites.google.com/view/vogue-booth-rental-los-angeles/home	the best Photo Booth rental Dana Point
link	the best Photo Booth rental Dana Point		https://sites.google.com/view/brea-photo-booth-rental/home	the best Photo Booth rental Dana Point
link	the best Photo Booth rental Dana Point		https://sites.google.com/view/photoboothrentallongbeach/home	the best Photo Booth rental Dana Point
link	the best Photo Booth rental Dana Point		https://sites.google.com/view/photoboothrentallongbeach/about-us	the best Photo Booth rental Dana Point
link	the best Photo Booth rental Dana Point		https://sites.google.com/view/lagunabeachphotoboothrentals/photo-booth-rental-laguna-beach	the best Photo Booth rental Dana Point
document	Photo booth rental in Huntington Beach, CA		https://docs.google.com/document/d/1swOKwxqjKBkUOTPEIr8A1sccn2IGBIq3emRpzOcsHuY/edit?usp=sharing	Photo booth rental in Huntington Beach, CA
document pub	Photo booth rental in Huntington Beach, CA pub		https://docs.google.com/document/d/1swOKwxqjKBkUOTPEIr8A1sccn2IGBIq3emRpzOcsHuY/pub	Photo booth rental in Huntington Beach, CA
document view	Photo booth rental in Huntington Beach, CA view		https://docs.google.com/document/d/1swOKwxqjKBkUOTPEIr8A1sccn2IGBIq3emRpzOcsHuY/view	Photo booth rental in Huntington Beach, CA
document	Photo Booths in Huntington Beach, CA		https://docs.google.com/document/d/1ugBrwMBzjZHBx5u8wkliBE12FARNDAxDz_RmB_EPywQ/edit?usp=sharing	Photo Booths in Huntington Beach, CA
document pub	Photo Booths in Huntington Beach, CA pub		https://docs.google.com/document/d/1ugBrwMBzjZHBx5u8wkliBE12FARNDAxDz_RmB_EPywQ/pub	Photo Booths in Huntington Beach, CA
document view	Photo Booths in Huntington Beach, CA view		https://docs.google.com/document/d/1ugBrwMBzjZHBx5u8wkliBE12FARNDAxDz_RmB_EPywQ/view	Photo Booths in Huntington Beach, CA
document	Photo Booth Rental Huntington Beach CA		https://docs.google.com/document/d/1y1ujUC0QoGfP33YLUDMd-U5yGmgGL0p58_dt9XkmOv8/edit?usp=sharing	Photo Booth Rental Huntington Beach CA
document pub	Photo Booth Rental Huntington Beach CA pub		https://docs.google.com/document/d/1y1ujUC0QoGfP33YLUDMd-U5yGmgGL0p58_dt9XkmOv8/pub	Photo Booth Rental Huntington Beach CA
document view	Photo Booth Rental Huntington Beach CA view		https://docs.google.com/document/d/1y1ujUC0QoGfP33YLUDMd-U5yGmgGL0p58_dt9XkmOv8/view	Photo Booth Rental Huntington Beach CA
link	the best Photo Booth rental Dana Point		https://sites.google.com/view/vogue-booth-rental-los-angeles/home	the best Photo Booth rental Dana Point
link	the best Photo Booth rental Dana Point		https://sites.google.com/view/brea-photo-booth-rental/home	the best Photo Booth rental Dana Point
link	the best Photo Booth rental Dana Point		https://sites.google.com/view/photoboothrentallongbeach/home	the best Photo Booth rental Dana Point
link	the best Photo Booth rental Dana Point		https://sites.google.com/view/photoboothrentallongbeach/about-us	the best Photo Booth rental Dana Point
link	the best Photo Booth rental Dana Point		https://sites.google.com/view/lagunabeachphotoboothrentals/photo-booth-rental-laguna-beach	the best Photo Booth rental Dana Point
document	Photo Booth Rentals Orange County 		https://docs.google.com/document/d/15cOZGh8RhIOZeYp9nrqf8hOuVei-FoiLEDdgj8jjfwU/edit?usp=sharing	Photo Booth Rentals Orange County 
document pub	Photo Booth Rentals Orange County  pub		https://docs.google.com/document/d/15cOZGh8RhIOZeYp9nrqf8hOuVei-FoiLEDdgj8jjfwU/pub	Photo Booth Rentals Orange County 
document view	Photo Booth Rentals Orange County  view		https://docs.google.com/document/d/15cOZGh8RhIOZeYp9nrqf8hOuVei-FoiLEDdgj8jjfwU/view	Photo Booth Rentals Orange County 
document	photo booth Rental Huntington Beach		https://docs.google.com/document/d/1CUO5t9VVTHmq7Y24O6CW-o_AGWelTLmWxNvVMoc23DM/edit?usp=sharing	photo booth Rental Huntington Beach
document pub	photo booth Rental Huntington Beach pub		https://docs.google.com/document/d/1CUO5t9VVTHmq7Y24O6CW-o_AGWelTLmWxNvVMoc23DM/pub	photo booth Rental Huntington Beach
document view	photo booth Rental Huntington Beach view		https://docs.google.com/document/d/1CUO5t9VVTHmq7Y24O6CW-o_AGWelTLmWxNvVMoc23DM/view	photo booth Rental Huntington Beach
document	photo booth Rental Huntington Beach		https://docs.google.com/document/d/12bsmX0o-U9CVbFYQO0ynSggW3cNvfVf8FAc1OGEWXK4/edit?usp=sharing	photo booth Rental Huntington Beach
document pub	photo booth Rental Huntington Beach pub		https://docs.google.com/document/d/12bsmX0o-U9CVbFYQO0ynSggW3cNvfVf8FAc1OGEWXK4/pub	photo booth Rental Huntington Beach
document view	photo booth Rental Huntington Beach view		https://docs.google.com/document/d/12bsmX0o-U9CVbFYQO0ynSggW3cNvfVf8FAc1OGEWXK4/view	photo booth Rental Huntington Beach
link	the best Photo Booth rental Dana Point		https://sites.google.com/view/vogue-booth-rental-los-angeles/home	the best Photo Booth rental Dana Point
link	the best Photo Booth rental Dana Point		https://sites.google.com/view/brea-photo-booth-rental/home	the best Photo Booth rental Dana Point
link	the best Photo Booth rental Dana Point		https://sites.google.com/view/photoboothrentallongbeach/home	the best Photo Booth rental Dana Point
link	the best Photo Booth rental Dana Point		https://sites.google.com/view/photoboothrentallongbeach/about-us	the best Photo Booth rental Dana Point
link	the best Photo Booth rental Dana Point		https://sites.google.com/view/lagunabeachphotoboothrentals/photo-booth-rental-laguna-beach	the best Photo Booth rental Dana Point
document	Photo booth rental Orange County		https://docs.google.com/document/d/1pn5iPn-GhyqFB8jE8_hteahFZElvMF3UPC8Q75j_O_I/edit?usp=sharing	Photo booth rental Orange County
document pub	Photo booth rental Orange County pub		https://docs.google.com/document/d/1pn5iPn-GhyqFB8jE8_hteahFZElvMF3UPC8Q75j_O_I/pub	Photo booth rental Orange County
document view	Photo booth rental Orange County view		https://docs.google.com/document/d/1pn5iPn-GhyqFB8jE8_hteahFZElvMF3UPC8Q75j_O_I/view	Photo booth rental Orange County
document	Photo Booth Rental Anaheim		https://docs.google.com/document/d/1WHJuQ6C_20DgAN7hHX65dMQbGAeYzpT79WxpCbcSb_I/edit?usp=sharing	Photo Booth Rental Anaheim
document pub	Photo Booth Rental Anaheim pub		https://docs.google.com/document/d/1WHJuQ6C_20DgAN7hHX65dMQbGAeYzpT79WxpCbcSb_I/pub	Photo Booth Rental Anaheim
document view	Photo Booth Rental Anaheim view		https://docs.google.com/document/d/1WHJuQ6C_20DgAN7hHX65dMQbGAeYzpT79WxpCbcSb_I/view	Photo Booth Rental Anaheim
document	the best Photo Booths in Huntington Beach		https://docs.google.com/document/d/1suGVSkMt3ZRyG49KdOK9iuxAtlp9OGxspEsfTt7kZpo/edit?usp=sharing	the best Photo Booths in Huntington Beach
document pub	the best Photo Booths in Huntington Beach pub		https://docs.google.com/document/d/1suGVSkMt3ZRyG49KdOK9iuxAtlp9OGxspEsfTt7kZpo/pub	the best Photo Booths in Huntington Beach
document view	the best Photo Booths in Huntington Beach view		https://docs.google.com/document/d/1suGVSkMt3ZRyG49KdOK9iuxAtlp9OGxspEsfTt7kZpo/view	the best Photo Booths in Huntington Beach
link	the best Photo Booth rental Dana Point		https://sites.google.com/view/vogue-booth-rental-los-angeles/home	the best Photo Booth rental Dana Point
link	the best Photo Booth rental Dana Point		https://sites.google.com/view/brea-photo-booth-rental/home	the best Photo Booth rental Dana Point
link	the best Photo Booth rental Dana Point		https://sites.google.com/view/photoboothrentallongbeach/home	the best Photo Booth rental Dana Point
link	the best Photo Booth rental Dana Point		https://sites.google.com/view/photoboothrentallongbeach/about-us	the best Photo Booth rental Dana Point
link	the best Photo Booth rental Dana Point		https://sites.google.com/view/lagunabeachphotoboothrentals/photo-booth-rental-laguna-beach	the best Photo Booth rental Dana Point
document	Photo Booth Rentals Huntington Beach		https://docs.google.com/document/d/1smRK8wVLdr7LW35xG5WVEG5_4p28drlAe3coSZNEry4/edit?usp=sharing	Photo Booth Rentals Huntington Beach
document pub	Photo Booth Rentals Huntington Beach pub		https://docs.google.com/document/d/1smRK8wVLdr7LW35xG5WVEG5_4p28drlAe3coSZNEry4/pub	Photo Booth Rentals Huntington Beach
document view	Photo Booth Rentals Huntington Beach view		https://docs.google.com/document/d/1smRK8wVLdr7LW35xG5WVEG5_4p28drlAe3coSZNEry4/view	Photo Booth Rentals Huntington Beach
document	Photo Booth Rentals in Huntington Beach		https://docs.google.com/document/d/1NPwvXnsaIpdOzBtk06Q4tveuMqGHi9hiVETVKR7-OiE/edit?usp=sharing	Photo Booth Rentals in Huntington Beach
document pub	Photo Booth Rentals in Huntington Beach pub		https://docs.google.com/document/d/1NPwvXnsaIpdOzBtk06Q4tveuMqGHi9hiVETVKR7-OiE/pub	Photo Booth Rentals in Huntington Beach
document view	Photo Booth Rentals in Huntington Beach view		https://docs.google.com/document/d/1NPwvXnsaIpdOzBtk06Q4tveuMqGHi9hiVETVKR7-OiE/view	Photo Booth Rentals in Huntington Beach
document	Photo Booth Rentals Anaheim		https://docs.google.com/document/d/1z5JktKgmsZ9h-DkoqItmS9KlhjkG_uoN9pZXwusxc9s/edit?usp=sharing	Photo Booth Rentals Anaheim
document pub	Photo Booth Rentals Anaheim pub		https://docs.google.com/document/d/1z5JktKgmsZ9h-DkoqItmS9KlhjkG_uoN9pZXwusxc9s/pub	Photo Booth Rentals Anaheim
document view	Photo Booth Rentals Anaheim view		https://docs.google.com/document/d/1z5JktKgmsZ9h-DkoqItmS9KlhjkG_uoN9pZXwusxc9s/view	Photo Booth Rentals Anaheim
link	the best Photo Booth rental Dana Point		https://sites.google.com/view/vogue-booth-rental-los-angeles/home	the best Photo Booth rental Dana Point
link	the best Photo Booth rental Dana Point		https://sites.google.com/view/brea-photo-booth-rental/home	the best Photo Booth rental Dana Point
link	the best Photo Booth rental Dana Point		https://sites.google.com/view/photoboothrentallongbeach/home	the best Photo Booth rental Dana Point
link	the best Photo Booth rental Dana Point		https://sites.google.com/view/photoboothrentallongbeach/about-us	the best Photo Booth rental Dana Point
link	the best Photo Booth rental Dana Point		https://sites.google.com/view/lagunabeachphotoboothrentals/photo-booth-rental-laguna-beach	the best Photo Booth rental Dana Point
document	Photo Booth Rentals Orange		https://docs.google.com/document/d/1MRZ9rR_m8K6XkVggvkzv-P6vkXrNVJQmckYQodzxkzE/edit?usp=sharing	Photo Booth Rentals Orange
document pub	Photo Booth Rentals Orange pub		https://docs.google.com/document/d/1MRZ9rR_m8K6XkVggvkzv-P6vkXrNVJQmckYQodzxkzE/pub	Photo Booth Rentals Orange
document view	Photo Booth Rentals Orange view		https://docs.google.com/document/d/1MRZ9rR_m8K6XkVggvkzv-P6vkXrNVJQmckYQodzxkzE/view	Photo Booth Rentals Orange
document	Photo Booth Rentals Yorba Linda		https://docs.google.com/document/d/1sB8pJCVq6ZuSayj7XV-uebHnKBEB_A_21uSxJCDO8qs/edit?usp=sharing	Photo Booth Rentals Yorba Linda
document pub	Photo Booth Rentals Yorba Linda pub		https://docs.google.com/document/d/1sB8pJCVq6ZuSayj7XV-uebHnKBEB_A_21uSxJCDO8qs/pub	Photo Booth Rentals Yorba Linda
document view	Photo Booth Rentals Yorba Linda view		https://docs.google.com/document/d/1sB8pJCVq6ZuSayj7XV-uebHnKBEB_A_21uSxJCDO8qs/view	Photo Booth Rentals Yorba Linda
document	Photo Booth Rentals Dana Point		https://docs.google.com/document/d/17vvpwNgjWyvDw0OTWWGlC21a6FUOJ5P9ddMfMmDA4SI/edit?usp=sharing	Photo Booth Rentals Dana Point
document pub	Photo Booth Rentals Dana Point pub		https://docs.google.com/document/d/17vvpwNgjWyvDw0OTWWGlC21a6FUOJ5P9ddMfMmDA4SI/pub	Photo Booth Rentals Dana Point
document view	Photo Booth Rentals Dana Point view		https://docs.google.com/document/d/17vvpwNgjWyvDw0OTWWGlC21a6FUOJ5P9ddMfMmDA4SI/view	Photo Booth Rentals Dana Point
link	the best Photo Booth rental Dana Point		https://sites.google.com/view/vogue-booth-rental-los-angeles/home	the best Photo Booth rental Dana Point
link	the best Photo Booth rental Dana Point		https://sites.google.com/view/brea-photo-booth-rental/home	the best Photo Booth rental Dana Point
link	the best Photo Booth rental Dana Point		https://sites.google.com/view/photoboothrentallongbeach/home	the best Photo Booth rental Dana Point
link	the best Photo Booth rental Dana Point		https://sites.google.com/view/photoboothrentallongbeach/about-us	the best Photo Booth rental Dana Point
link	the best Photo Booth rental Dana Point		https://sites.google.com/view/lagunabeachphotoboothrentals/photo-booth-rental-laguna-beach	the best Photo Booth rental Dana Point
document	Photo Booth Rentals Huntington Beach		https://docs.google.com/document/d/1CCR_vWTCqKN0TLBNUDLno9JysCf1Rr7BKHpwFcIdJxo/edit?usp=sharing	Photo Booth Rentals Huntington Beach
document pub	Photo Booth Rentals Huntington Beach pub		https://docs.google.com/document/d/1CCR_vWTCqKN0TLBNUDLno9JysCf1Rr7BKHpwFcIdJxo/pub	Photo Booth Rentals Huntington Beach
document view	Photo Booth Rentals Huntington Beach view		https://docs.google.com/document/d/1CCR_vWTCqKN0TLBNUDLno9JysCf1Rr7BKHpwFcIdJxo/view	Photo Booth Rentals Huntington Beach
document	Lucky Frog Photo Booth in Huntington Beach 		https://docs.google.com/document/d/1hODfWPJ1-LbDJMvisEBNKwBUdidCNXNsBSkR-Hgxp64/edit?usp=sharing	Lucky Frog Photo Booth in Huntington Beach 
document pub	Lucky Frog Photo Booth in Huntington Beach  pub		https://docs.google.com/document/d/1hODfWPJ1-LbDJMvisEBNKwBUdidCNXNsBSkR-Hgxp64/pub	Lucky Frog Photo Booth in Huntington Beach 
document view	Lucky Frog Photo Booth in Huntington Beach  view		https://docs.google.com/document/d/1hODfWPJ1-LbDJMvisEBNKwBUdidCNXNsBSkR-Hgxp64/view	Lucky Frog Photo Booth in Huntington Beach 
link	the best Photo Booth rental Dana Point		https://sites.google.com/view/vogue-booth-rental-los-angeles/home	the best Photo Booth rental Dana Point
link	the best Photo Booth rental Dana Point		https://sites.google.com/view/brea-photo-booth-rental/home	the best Photo Booth rental Dana Point
link	the best Photo Booth rental Dana Point		https://sites.google.com/view/photoboothrentallongbeach/home	the best Photo Booth rental Dana Point
link	the best Photo Booth rental Dana Point		https://sites.google.com/view/photoboothrentallongbeach/about-us	the best Photo Booth rental Dana Point
link	the best Photo Booth rental Dana Point		https://sites.google.com/view/lagunabeachphotoboothrentals/photo-booth-rental-laguna-beach	the best Photo Booth rental Dana Point
comment	spreadsheet	#REF!	https://docs.google.com/spreadsheets/d/1JSpT8TSjQuc9GDOpK7his0KxR6pEe2are9pCkxnSGjk/edit?disco=AAABSS6pUZ8	spreadsheet comment
comment	drawing	#REF!	https://docs.google.com/drawings/d/1bslInwLUkzjZr3egGD7Io036hmnvTs020O5dRGbbS-I/edit?disco=AAABOtK7RhU	drawing comment
comment	document	#REF!	https://docs.google.com/document/d/1hODfWPJ1-LbDJMvisEBNKwBUdidCNXNsBSkR-Hgxp64/edit?disco=AAABSP52orM	document comment
comment	document	#REF!	https://docs.google.com/document/d/1CCR_vWTCqKN0TLBNUDLno9JysCf1Rr7BKHpwFcIdJxo/edit?disco=AAABSQiZcKg	document comment
comment	document	#REF!	https://docs.google.com/document/d/17vvpwNgjWyvDw0OTWWGlC21a6FUOJ5P9ddMfMmDA4SI/edit?disco=AAABSYATZtQ	document comment
comment	document	#REF!	https://docs.google.com/document/d/1sB8pJCVq6ZuSayj7XV-uebHnKBEB_A_21uSxJCDO8qs/edit?disco=AAABOrkTjjw	document comment
comment	document	#REF!	https://docs.google.com/document/d/1MRZ9rR_m8K6XkVggvkzv-P6vkXrNVJQmckYQodzxkzE/edit?disco=AAABOr7phCE	document comment
comment	document	#REF!	https://docs.google.com/document/d/1z5JktKgmsZ9h-DkoqItmS9KlhjkG_uoN9pZXwusxc9s/edit?disco=AAABSPpBwes	document comment
comment	document	#REF!	https://docs.google.com/document/d/1NPwvXnsaIpdOzBtk06Q4tveuMqGHi9hiVETVKR7-OiE/edit?disco=AAABR1ba8p4	document comment
comment	document	#REF!	https://docs.google.com/document/d/1smRK8wVLdr7LW35xG5WVEG5_4p28drlAe3coSZNEry4/edit?disco=AAABR0IyZoQ	document comment
comment	document	#REF!	https://docs.google.com/document/d/1suGVSkMt3ZRyG49KdOK9iuxAtlp9OGxspEsfTt7kZpo/edit?disco=AAABSReFAto	document comment
comment	document	#REF!	https://docs.google.com/document/d/1WHJuQ6C_20DgAN7hHX65dMQbGAeYzpT79WxpCbcSb_I/edit?disco=AAABOs8WOLc	document comment
comment	document	#REF!	https://docs.google.com/document/d/1pn5iPn-GhyqFB8jE8_hteahFZElvMF3UPC8Q75j_O_I/edit?disco=AAABSYYdPSA	document comment
comment	document	#REF!	https://docs.google.com/document/d/12bsmX0o-U9CVbFYQO0ynSggW3cNvfVf8FAc1OGEWXK4/edit?disco=AAABR2i_6x8	document comment
comment	document	#REF!	https://docs.google.com/document/d/1CUO5t9VVTHmq7Y24O6CW-o_AGWelTLmWxNvVMoc23DM/edit?disco=AAABOr2KmQM	document comment
comment	document	#REF!	https://docs.google.com/document/d/15cOZGh8RhIOZeYp9nrqf8hOuVei-FoiLEDdgj8jjfwU/edit?disco=AAABSXXLW5U	document comment
comment	document	#REF!	https://docs.google.com/document/d/1y1ujUC0QoGfP33YLUDMd-U5yGmgGL0p58_dt9XkmOv8/edit?disco=AAABObHih_I	document comment
comment	document	#REF!	https://docs.google.com/document/d/1ugBrwMBzjZHBx5u8wkliBE12FARNDAxDz_RmB_EPywQ/edit?disco=AAABOs2QH58	document comment
comment	document	#REF!	https://docs.google.com/document/d/1swOKwxqjKBkUOTPEIr8A1sccn2IGBIq3emRpzOcsHuY/edit?disco=AAABOsWeMIM	document comment
comment	document	#REF!	https://docs.google.com/document/d/1G-0xybOLRv4idr--p-OcT7oAfc18uVbAjNGw_fuSS7g/edit?disco=AAABOsf5dyo	document comment
comment	document	#REF!	https://docs.google.com/document/d/10z94vcyMtFKLmNnYjhygiEU4SZVRFd4ZGyjG1nssGHY/edit?disco=AAABOrh09HA	document comment
comment	document	#REF!	https://docs.google.com/document/d/1YMGMX_eqU3ljQ09eyw49cQpiUyr04ZycDcAOX-3HKZk/edit?disco=AAABOrtCAa0	document comment
comment	document	#REF!	https://docs.google.com/document/d/10X2QMhBLBD34O3zb9KQ8tIvGC_1eYr38XkFt19xWELc/edit?disco=AAABOsRuT7Q	document comment
comment	presentation	#REF!	https://docs.google.com/presentation/d/1wfI-JhfpeGdAVfgGIbm80jWR771M5Ugin7lnEqVwltM/edit?disco=AAABSYbVYg0	presentation comment